4;AHYN;Adinolfi, Wilson  K;avatar4.jpg;Developer;1;DemoUserTest123
5;MRNF;Ait Sidi, Karthikeyan   ;avatar5.jpg;Developer;1;DemoUserTest123
6;XPME;Akinkuolie, Sarah;avatar6.jpg;Developer;1;DemoUserTest123
7;LIVL;Alagbe,Trina;avatar7.jpg;Developer;1;DemoUserTest123
8;TVSG;Anderson, Carol ;avatar8.jpg;Developer;1;DemoUserTest123
9;RQXI;Anderson, Linda  ;avatar9.jpg;Developer;1;DemoUserTest123
10;XPHX;Andreola, Colby;avatar10.jpg;Developer;1;DemoUserTest123
11;UDSO;Athwal, Sam;avatar11.jpg;Developer;1;DemoUserTest123
12;JXHP;Bachiochi, Linda;avatar12.jpg;Developer;1;DemoUserTest123
13;FWCS;Bacong, Alejandro ;avatar13.jpg;Developer;1;DemoUserTest123
14;ZFGL;Baczenski, Rachael  ;avatar14.jpg;Developer;1;DemoUserTest123
15;TCTN;Barbara, Thomas;avatar15.jpg;Developer;1;DemoUserTest123
16;OYUQ;Barbossa, Hector;avatar16.jpg;Developer;1;DemoUserTest123
17;SIKA;Barone, Francesco  A;avatar17.jpg;Developer;1;DemoUserTest123
18;WHKH;Barton, Nader;avatar18.jpg;Developer;1;DemoUserTest123
19;RSDF;Bates, Norman;avatar19.jpg;Developer;1;DemoUserTest123
20;CISJ;Beak, Kimberly  ;avatar20.jpg;Developer;1;DemoUserTest123
21;GYOG;Beatrice, Courtney ;avatar4.jpg;Developer;1;DemoUserTest123
22;UTFB;Becker, Renee;avatar5.jpg;Developer;1;DemoUserTest123
23;ROKT;Becker, Scott;avatar6.jpg;Developer;1;DemoUserTest123
24;MOYY;Bernstein, Sean;avatar7.jpg;Developer;1;DemoUserTest123
25;ZCAP;Biden, Lowan  M;avatar8.jpg;Developer;1;DemoUserTest123
26;SQQM;Billis, Helen;avatar9.jpg;Developer;1;DemoUserTest123
27;UDVV;Blount, Dianna;avatar10.jpg;Developer;1;DemoUserTest123
28;DQHF;Bondwell, Betsy;avatar11.jpg;Developer;1;DemoUserTest123
29;VUUV;Booth, Frank;avatar12.jpg;Developer;1;DemoUserTest123
30;JQQN;Boutwell, Bonalyn;avatar13.jpg;Developer;1;DemoUserTest123
31;AHBQ;Bozzi, Charles;avatar14.jpg;Developer;1;DemoUserTest123
32;OHUY;Brill, Donna;avatar15.jpg;Developer;1;DemoUserTest123
33;FQIB;Brown, Mia;avatar16.jpg;Developer;1;DemoUserTest123
34;BFKL;Buccheri, Joseph  ;avatar17.jpg;Developer;1;DemoUserTest123
35;XGBK;Bugali, Josephine ;avatar18.jpg;Developer;1;DemoUserTest123
36;TLYU;Bunbury, Jessica;avatar19.jpg;Developer;1;DemoUserTest123
37;SUQE;Burke, Joelle;avatar20.jpg;Developer;1;DemoUserTest123
38;FUPI;Burkett, Benjamin ;avatar4.jpg;Developer;1;DemoUserTest123
39;DMSR;Cady, Max ;avatar5.jpg;Developer;1;DemoUserTest123
40;DBNO;Candie, Calvin;avatar6.jpg;Developer;1;DemoUserTest123
41;UOFR;Carabbio, Judith;avatar7.jpg;Developer;1;DemoUserTest123
42;EWKV;Carey, Michael  ;avatar8.jpg;Developer;1;DemoUserTest123
43;NAFP;Carr, Claudia  N;avatar9.jpg;Developer;1;DemoUserTest123
44;HGYR;Carter, Michelle ;avatar10.jpg;Developer;1;DemoUserTest123
45;EGEJ;Chace, Beatrice ;avatar11.jpg;Developer;1;DemoUserTest123
46;QAUX;Champaigne, Brian;avatar12.jpg;Developer;1;DemoUserTest123
47;KBNV;Chan, Lin;avatar13.jpg;Developer;1;DemoUserTest123
48;OXAC;Chang, Donovan  E;avatar14.jpg;Developer;1;DemoUserTest123
49;OZMH;Chigurh, Anton;avatar15.jpg;Developer;1;DemoUserTest123
50;MYYR;Chivukula, Enola;avatar16.jpg;Developer;1;DemoUserTest123
51;PUIW;Cierpiszewski, Caroline  ;avatar17.jpg;Developer;1;DemoUserTest123
52;HUEG;Clayton, Rick;avatar18.jpg;Developer;1;DemoUserTest123
53;FLGF;Cloninger, Jennifer;avatar19.jpg;Developer;1;DemoUserTest123
54;ABCR;Close, Phil;avatar20.jpg;Developer;1;DemoUserTest123
55;JAED;Clukey, Elijian;avatar4.jpg;Developer;1;DemoUserTest123
56;QYSK;Cockel, James;avatar5.jpg;Developer;1;DemoUserTest123
57;JGIO;Cole, Spencer;avatar6.jpg;Developer;1;DemoUserTest123
58;ERIT;Corleone, Michael;avatar7.jpg;Developer;1;DemoUserTest123
59;WOQI;Corleone, Vito;avatar8.jpg;Developer;1;DemoUserTest123
60;NZFO;Cornett, Lisa ;avatar9.jpg;Developer;1;DemoUserTest123
61;VHSD;Costello, Frank;avatar10.jpg;Developer;1;DemoUserTest123
62;WQSA;Crimmings,   Jean;avatar11.jpg;Developer;1;DemoUserTest123
63;IYQQ;Cross, Noah;avatar12.jpg;Developer;1;DemoUserTest123
64;ZSAI;Daneault, Lynn;avatar13.jpg;Developer;1;DemoUserTest123
65;JRJO;Daniele, Ann  ;avatar14.jpg;Developer;1;DemoUserTest123
66;COVV;Darson, Jene'ya ;avatar15.jpg;Developer;1;DemoUserTest123
67;CQXQ;Davis, Daniel;avatar16.jpg;Developer;1;DemoUserTest123
68;HQWL;Dee, Randy;avatar17.jpg;Developer;1;DemoUserTest123
69;DHYP;DeGweck,  James;avatar18.jpg;Developer;1;DemoUserTest123
70;PFQV;Del Bosque, Keyla;avatar19.jpg;Developer;1;DemoUserTest123
71;RCKH;Delarge, Alex;avatar20.jpg;Developer;1;DemoUserTest123
72;LUTJ;Demita, Carla;avatar4.jpg;Developer;1;DemoUserTest123
73;ZMNX;Desimone, Carl ;avatar5.jpg;Developer;1;DemoUserTest123
74;OGGS;DeVito, Tommy;avatar6.jpg;Developer;1;DemoUserTest123
75;BNES;Dickinson, Geoff ;avatar7.jpg;Developer;1;DemoUserTest123
76;LMFE;Dietrich, Jenna  ;avatar8.jpg;Developer;1;DemoUserTest123
77;VFYB;DiNocco, Lily ;avatar9.jpg;Developer;1;DemoUserTest123
78;SGGZ;Dobrin, Denisa  S;avatar10.jpg;Developer;1;DemoUserTest123
79;PESC;Dolan, Linda;avatar11.jpg;Developer;1;DemoUserTest123
80;UVQH;Dougall, Eric;avatar12.jpg;Developer;1;DemoUserTest123
